{
    "Tags": [
        {
            "Tag": "Root",
            "MainColor": {
                "r": 1.0,
                "g": 1.0,
                "b": 1.0,
                "a": 1.0
            },
            "SecondaryColor": {
                "r": 0.4000000059604645,
                "g": 0.4000000059604645,
                "b": 0.4000000059604645,
                "a": 1.0
            },
            "Description": "The root tag"
        },
        {
            "Tag": "ПАРОЛЬ",
            "MainColor": {
                "r": 0.5188679099082947,
                "g": 0.27756592631340029,
                "b": 0.0,
                "a": 1.0
            },
            "SecondaryColor": {
                "r": 0.2075471580028534,
                "g": 0.11102636903524399,
                "b": 0.0,
                "a": 1.0
            },
            "Description": "admin173005"
        }
    ]
}